0.0024051901980762735, 9.795686365337318e-7
0.0025175303370404264, 0.0000010195796724755784
0.0026351175898638403, 0.0000010668020860857325
0.0027581970355014277, 0.0000011170477625249363
0.0028870251999046316, 0.0000011674724283833495
0.0030218705906806752, 0.0000012238334457299162
0.0031630142567243315, 0.0000012805159892567756
0.003310750373988659, 0.0000013423343090118687
0.0034653868586155233, 0.0000014060837095497145
0.0036272460087038573, 0.0000014695557504074301
0.0037966651760532317, 0.000001539347081461451
0.003973997469282814, 0.0000016154742339811812
0.0041596124897911695, 0.0000016928291199000263
0.004353897102090819, 0.000001777877373637593
0.004557256240123109, 0.0000018602207774465383
0.00477011375123394, 0.0000019478359522837118
0.004992913279569388, 0.000002038051084525546
0.005226119190732428, 0.000002134041949837192
0.005470217539627948, 0.0000022328813189783472
0.005725717083513275, 0.000002338048560160056
0.005993150342365641, 0.0000024564323497336095
0.006273074708776627, 0.000002574055422998439
0.006566073609686887, 0.00000269226609673019
0.0068727577223824474, 0.000002816959935378129
0.007193766247287019, 0.000002949636895145374
0.007529768240203101, 0.000003087406714330341
0.007881464006778588, 0.000003241305205451793
0.008249586562105247, 0.000003396510896215415
0.008634903158491244, 0.000003553822234115123
0.009038216884591896, 0.000003721204923394423
0.009460368339231662, 0.0000038920971804756445
0.009902237383405961, 0.000004061703038225619
0.010364744974114418, 0.000004246642062186781
0.010848855083847657, 0.0000044466561095839505
0.011355576709728303, 0.000004656090687030604
0.011885965976493692, 0.000004871740180802364
0.01244112833770341, 0.000005101195938354007
0.01302222087975947, 0.0000053214979376915976
0.013630454733541238, 0.000005489310660304927
0.014267097598681534, 0.00000567727481252662
0.01499557828395357, 0.000006347407791459508
0.01566994911571347, 0.0000066226851850273245
0.01705432294981541, 0.00000685277308732881
0.017850885737928455, 0.000007360562350132705
0.01868465388900276, 0.000007695706304288832
0.01955736516816335, 0.000008052137327713407
0.020470838506995943, 0.00000842507665712532
0.02142697779461985, 0.000008821892225083789
0.022427775845832044, 0.000009223574012807585
0.0234753185545928, 0.000009683343085903595
0.024571789241509795, 0.000010135626696895378
0.0257194732043818, 0.000010628913948042068
0.02692076248128639, 0.000011104555562651416
0.028178160836138985, 0.000011601482037280713
0.029494288977114272, 0.000012116108757716743
0.030871890018806532, 0.00001271054131576765
0.032313835199513107, 0.00001334412584506013
0.03382312986555719, 0.000014009292770867944
0.035402919735122745, 0.000014614302898693714
0.03705649745465672, 0.000015256861229685787
0.038821817357973354, 0.00001599074316539755
0.04057305089772966, 0.000016710533791098143
0.042495234475531114, 0.0000172273356685826
0.04448007565362743, 0.000018437122205821932
0.04655762356815875, 0.000019254969072676572
0.04873220830813939, 0.00002018452391228464
0.05100836220970822, 0.00002104833774253226
0.053390829302562524, 0.000021566264467267987
0.05635034141942342, 0.000023727574335279447
0.05898231837941547, 0.000024457499624119634
0.06173722809444388, 0.000025619021704889476
0.06462081243174023, 0.000026875925295912403
0.06763908144612606, 0.000028110172704887514
0.07079832590635335, 0.000029346114356183573
0.07410513040651741, 0.000030693802490036
0.07756638708986965, 0.00003212742966838838
0.08118931001363375, 0.00003362801781995931
0.08498145018476463, 0.000035146020558015345
0.08895071129798864, 0.000036691312760272215
0.09310536620892611, 0.000038275876391446395
0.09745407417663063, 0.000039988713632994384
0.10200589891148194, 0.00004174692825798574
0.10677032746604892, 0.00004361509432449789
0.1117572900082951, 0.00004580633002885358
0.11717962592862886, 0.000047856782735297954
0.12244087845190603, 0.000050695131708728594
0.1216810611699193, 0.000044450158668635085
0.12815977141562326, 0.00005308283906148202
0.13414577890141818, 0.00005556219953848224
0.14041137712948895, 0.00005817914258412682
0.14696962505162464, 0.00006087374273040175
0.1538341915690728, 0.00006371699592637396
0.16101938402168237, 0.00006684303726829484
0.16854017800769894, 0.00007012244639426345
0.1764122485963666, 0.00007364935866124283
0.18465200299838666, 0.00007711407040323848
0.19327661476232919, 0.00008071586679843423
0.20230405956826902, 0.00008439105267081224
0.21175315269324893, 0.00008800263938759558
0.22164358822665645, 0.00009176878702286564
0.2319959801172484, 0.00009576779401471699
0.2428319051373744, 0.00010039108975042882
0.2541739478539469, 0.00010535584909099096
0.2660457476998875, 0.00011064895923477
0.27847204824415717, 0.00011551394739498247
0.2914787487630609, 0.00012072836381905037
0.3050929582203128, 0.0001264145903315464
0.31934305176836886, 0.00013281541472666145
0.33425872988878896, 0.00013933151723971278
0.3498710802948906, 0.00014611259385121877
0.3662126427257133, 0.00015242266249841774
0.3833174767663398, 0.00015942250619445464
0.4012212328359267, 0.00016686871419672534
0.41996122649140033, 0.00017466271508556277
0.4395765162016837, 0.00018282075335640811
0.46010798475455417, 0.00019114501817030002
0.4815984244658022, 0.00020014782277784466
0.504092626368287, 0.00020933939214543492
0.5276374735667797, 0.00021993899686344138
0.5522820389531661, 0.00023098879946438703
0.5780776874856722, 0.0002424121618619563
0.6050781832452833, 0.00025316525146309006
0.6333398014924888, 0.0002643953341947742
0.6629214459579045, 0.0002764338841787799
0.6938847716112324, 0.00029032200723084963
0.7262943131644378, 0.0003038821883187118
0.7602176195769726, 0.0003178376447145924
0.7957253948433868, 0.0003323095505231741
0.8328916453567595, 0.0003473103397542582
0.8717938341550914, 0.0003633962160792901
0.9125130423721409, 0.000380227118933988
0.9551341382292085, 0.0003981355660963537
0.9997459539200825, 0.00041751228594373623
1.0464414707578198, 0.0004373405491173802
1.095318012969247, 0.0004584536458174831
1.1464774505410955, 0.0004807659650737503
1.200026411540549, 0.0005041641947489566
1.2560765043527282, 0.0005283054425316979
1.3147445502983062, 0.0005521536845716146
1.376152827116084, 0.0005766465070364205
1.440429323818001, 0.0006035801561031255
1.5077080074477534, 0.0006336669194906519
1.5781291022990118, 0.0006655025397079642
1.6518393821751909, 0.0006950233706113947
1.728992476299906, 0.0007253103931246434
1.8097491895157092, 0.0007572006747814601
1.8942778374384688, 0.0008012197786900206
2.041197639694969, 0.0008556391662641231
2.1365366389475184, 0.0008991315492168603
2.2363286733210748, 0.0009384886587452471
2.3407817324310587, 0.0009793851642984949
2.4501135205434412, 0.0010289749500614705
2.5645519103206604, 0.0010806709668736091
2.6843354177607943, 0.001132841548061754
2.809713699319915, 0.0011839791613742078
2.940948072253724, 0.0012355734027077224
3.0783120592629807, 0.0012918320058056406
3.222091958577897, 0.0013536897038941727
3.37258744066968, 0.0014174475983978433
3.530112172832909, 0.0014886606001067021
3.6949944729405195, 0.0015628661199317956
3.8675779937339763, 0.0016407705750092342
4.048222439074841, 0.0017174066741220018
4.237304313650586, 0.0017942602536517118
4.435217707697195, 0.0018724487045654887
4.642375118374108, 0.001956972933011473
4.859208309503442, 0.002042251911800054
5.086169211465371, 0.002136839973016484
5.323730863125277, 0.002245035849709746
5.57238839775584, 0.002360476930298225
5.83266007500898, 0.00247906801462547
6.105088361088497, 0.0025890362616136425
6.390241059374757, 0.0027038825576405296
6.68871249385789, 0.0028269967775649174
6.996284039944178, 0.002929608743492151
