0.0190520625304165,3.01673988278e-05
0.0208134861130577,3.12762232388e-05
0.0215272475889064,3.308523853e-05
0.0217765905295975,3.15315822004e-05
0.0225093636976973,3.4200657708e-05
0.0230569327341562,3.61507244935e-05
0.023603532893152,3.50013159398e-05
0.0245157688128544,3.68685835368e-05
0.0256129599324911,3.83804225242e-05
0.0268092742532466,4.01505168089e-05
0.0280614652847694,4.17357611856e-05
0.0293721428819716,4.34404819969e-05
0.0307440387992569,4.54014292929e-05
0.0321800123841278,4.75131159626e-05
0.0336389434857576,4.89501414451e-05
0.0352047022974341,5.11567754061e-05
0.0370462467073457,5.41816636949e-05
0.0384895229833184,5.60666545469e-05
0.0404308287590368,5.92943292843e-05
0.0423192469493566,6.20870531857e-05
0.0442958682107236,6.49626504387e-05
0.0464450530854064,6.8348734059e-05
0.0484633048765594,7.18100165598e-05
0.05070843623044,7.58814162167e-05
0.0528288071461476,8.09338889618e-05
0.0551931343065244,8.39692576393e-05
0.0576198403753103,8.72831241355e-05
0.0597212288850603,0.0001004102447567
0.0604693962112295,8.85825853237e-05
0.0627532421499036,0.0001025033848107
0.0631625667365301,9.02593393517e-05
0.065430360080952,0.0001059070237765
0.068683488148672,0.0001140836498934
0.0717561293104673,0.0001200353963681
0.0752304165352766,0.0001242724648006
0.0786157529985744,0.0001297173083444
0.0822876890573922,0.0001372485062277
0.0863617229662667,0.0001450926422066
0.0903954530084787,0.0001482704999653
0.0945765346655049,0.0001503352579783
0.099059595835839,0.0001559331721222
0.1032837942607048,0.0001595935422813
0.108107909962354,0.0001657720771851
0.1134543240401385,0.0001745372294
0.1185597199395722,0.0001816124707008
0.1240973341474695,0.0001871726706005
0.1300078736346327,0.0001951934109595
0.1358263117804506,0.0002013723355758
0.1421704033007838,0.0002095582698462
0.1488108107314203,0.0002203338808996
0.1557613742129724,0.0002295482991544
0.170516751288542,0.0002500244012257
0.1779694132012187,0.000261446218815
0.186554943273059,0.0002644707749537
0.1956979187237073,0.0002840102024975
0.2005798749976351,0.0003016775598458
0.2093502882595494,0.000310266575964
0.2159686952729588,0.0002406039365522
0.2161113289358212,0.0002002770629786
0.2161928761761467,0.000269320177904
0.2164622004523265,0.0002199474523663
0.2166419363402173,0.000305528277015
0.2168918171275864,0.0001828425507482
0.2183180558202622,0.0001640587120634
0.2207256851425609,0.0001450032463339
0.2241100346176971,0.0001801470766998
0.2253535312697247,0.0001921946573099
0.2259153534935758,0.0002085491353417
0.2262906795731976,0.0002281419801385
0.2265143839327697,0.0002596697726281
0.2300784071547204,0.0002969819068375
0.2357161136190603,0.0002019660549366
0.2357161136190603,0.000182331477954
0.2359771138114133,0.0002194582941902
0.2367618496470099,0.0002408713623969
0.237787069852742,0.0002676040819097
0.2416590507024999,0.000282767217041
0.2484110793726986,0.0002519679620496
0.2489542474411145,0.0001741487805106
0.2491839415156208,0.0002285182810036
0.2493678493510879,0.0001898440308877
0.2520730619250725,0.0002066700765522
0.2529463124581722,0.0002733221808146
0.2609809648729002,0.0002431014540749
0.2619073204102084,0.0002172831762782
0.2647869345087952,0.0002717067895606
0.2679293126150543,0.0001971203190623
0.2743932574968264,0.0002305244768942
0.2761703252993763,0.000250156694382
0.2766865485961627,0.0002762634252097
0.2800946590330604,0.0002071768197791
0.2866802015644307,0.0002203573657232
0.2866802015644307,0.0001822274540939
0.2890695183639089,0.0002509942007005
0.2893552840507651,0.0002853847709915
0.2906734491245369,0.0002365576841354
0.3035493968019856,0.0002998639894884
0.3040396810018324,0.0001783482318889
0.3054549211800088,0.0002665367815677
0.3063617084661453,0.0002406338727751
0.3070470656818568,0.0002148369790298
0.3082747335367148,0.0001955508648322
0.3177273946362087,0.0003061390123909
0.3203385426043087,0.0002730628157759
0.3221531071077579,0.000248054653584
0.3228966962651028,0.0002254858282766
0.3292523964339156,0.000210861377198
0.3314958996768182,0.0003180926125158
0.3336647628870662,0.0002423974084095
0.3347926773760944,0.0002872659749024
0.336155668369449,0.0002618472441973
0.3469792055149703,0.0003182030555662
0.3498710802948906,0.0002906582856154
0.350840384699335,0.0002143067998568
0.3514475631704855,0.0002639457452966
0.3514475631704855,0.0002396799889518
0.3598849440788046,0.0002040125550352
0.3635626918730664,0.0003166815728692
0.3660606979697591,0.000290758285764
0.367517616190586,0.0001831098715322
0.3677355634223939,0.0002656910871527
0.368040906701094,0.0002408858057667
0.3682446097277104,0.0002195482323348
0.3780514932943252,0.0002015829314047
0.3801491493274759,0.0003184240567192
0.3833174767663398,0.0002908601561352
0.3841136760308687,0.0002426570909887
0.3847340853226905,0.000220124447475
0.3847886746945439,0.0002639116543027
0.3979049211149671,0.0003154489235736
0.3985659832862399,0.0001791087457623
0.4023756149299295,0.0002912441671697
0.4024123163236576,0.0001982668508303
0.4028897391848219,0.0002396234461086
0.4037265925334646,0.0002172028102575
0.4037910378205714,0.0002612627483004
0.4139054543070613,0.0001919949826337
0.4174788541167928,0.0002138342192353
0.4199612264914003,0.0003134587771442
0.4215730655642032,0.0002583846990598
0.4217076644048127,0.0002863156526917
0.423314945154807,0.0002352081313644
0.4395765162016837,0.0003135676113081
0.4407181329581524,0.0002390651051992
0.4415454562408006,0.0002839763270967
0.4415877441888974,0.0002596741432227
0.4417099321238061,0.0002118281579023
0.4590181783016672,0.0001961437655952
0.4601079847545541,0.0003136764832597
0.4607448996819709,0.0002366556879681
0.4614465244709697,0.0002616938131813
0.4625009654840054,0.0002847522426917
0.4699173238857663,0.0002185760540939
0.4810536579865012,0.0003115584946727
0.4815984244658022,0.0001981100406943
0.4839357871522861,0.0002617885297522
0.4852093882745977,0.0002848560540878
0.4916958601225207,0.0002184120842904
0.4980032579195793,0.0002347036120225
0.502005003711953,0.0001981973045815
0.504092626368287,0.0003138943405783
0.5053493647862628,0.0002618747406045
0.5068896340715344,0.0002852442962095
0.5175594508698186,0.0002327881278865
0.5265437750222947,0.0001872660087268
0.5270903406201622,0.0003124957604607
0.5280025443490757,0.0002044209391241
0.5307119302766627,0.0002868166683517
0.5325447958353748,0.0002576987731501
0.5448832382179172,0.0002372425364538
0.5522820389531661,0.0003141123492051
0.5531642585651448,0.0002840132110541
0.5543230819770844,0.0002124128782998
0.5589108347948712,0.0001924340096712
0.5596361331365197,0.0002560545514952
0.576118204800801,0.0002250298416271
0.5780776874856722,0.0003120719860898
0.5801376274079779,0.000256957897385
0.5822509309210085,0.0002798487738255
0.5871442709078798,0.0002353089796499
0.6013233191313061,0.000185917533969
0.6046218023414214,0.0002101005134115
0.6068532822239201,0.0002770646323516
0.6074263671643811,0.0003092038946185
0.610121166542827,0.0002384600368343
0.6336490918440467,0.0002846867026559
0.6391154411980511,0.0002364933814597
0.6412740679951284,0.000191580384009
0.6430506931967306,0.0001793670585052
0.6436439947184056,0.0002111030595858
0.6567603060205393,0.0002589528658239
0.6646612545841245,0.0003098855320823
0.6684465200262155,0.0002859039210697
0.6693718323026622,0.0002001118896825
0.6705302740998274,0.0002273657226435
0.6716907207429275,0.0001805383569086
0.6894687534784874,0.0002586966300948
0.6923619590621789,0.0003129549662254
0.7030636362693358,0.0001997748349624
0.7091118871366574,0.0002232386373944
0.7092735965817322,0.0001814474261933
0.7163927690668029,0.0002851136544668
0.718120431511177,0.0002566466185771
0.7225364652354214,0.0002349537280926
0.7267968340170445,0.0003269166134532
0.7276867612669261,0.0003961703425287
0.7366148328315831,0.0003621165327473
0.7375324775763342,0.0002100876145431
0.7415221663351644,0.0001894370662343
0.7438337197481641,0.0002520486432541
0.7446058377391725,0.0002356536127641
0.7477023328047772,0.000399782638199
0.748549064059482,0.0002863858933428
0.7578551512100498,0.0004283782461929
0.7581172847263433,0.0003288598138592
0.7907874532477194,0.0002054489913883
0.7924300195976443,0.0002465222446911
0.7937465288478165,0.0003002860850892
0.8016916427722636,0.0003665523518742
0.8169167065206917,0.0003233744263972
0.8433258297653656,0.0002530177424948
0.8443263533930185,0.000232070526462
0.8443263533930185,0.0002120930567579
0.8447268951318178,0.0002852361196098
0.8790597410515618,0.0002122829458446
0.8827153720076695,0.0002523769711391
0.8827153720076695,0.0002289075231206
0.9147880016499924,0.0002212751337445
0.9335803973675904,0.0002015850519694
0.9571180735947438,0.0002186332569852
0.9863525777513648,0.0001966796003078
1.0185913880541169,0.0002151629238702
1.057110926842595,0.0004702461641181
1.0577011496600024,0.0005325769484182
1.0577204016034054,0.0004140281087599
1.0659969648951515,0.0001936877576118
1.0687848329469216,0.000222451349137
1.0728246302573283,0.0003180752737011
1.0728246302573283,0.000290523227446
1.0728246302573283,0.0002427354230678
1.0738851933671194,0.0003625867951729
1.1229334607954164,0.0003042066803327
1.1247990542887265,0.0002787659941225
1.1260445048649337,0.0001969453841274
1.127603257544409,0.0002575361725896
1.1320160986934291,0.0002254244785576
1.1608401316964938,0.0001911304864709
1.1753827436563526,0.0002962186199667
1.1815603216442268,0.0002597152074007
1.1837744592040826,0.0002083049166148
1.1866553394102204,0.0002258606783557
1.233034040325333,0.0002880218607947
1.2353980074921334,0.00026306933108
1.236130629723158,0.0002428152234409
1.236130629723158,0.0002219128113856
1.2362527756608783,0.000202571404426
1.2442182056131794,0.0001824391253339
1.271812205329918,0.000287779551577
1.2926124618328536,0.000262569417619
1.300275109174193,0.0002413574643162
1.3011747656146222,0.0002193250133985
1.3033856531917902,0.0001984482245104
1.3054243945893804,0.0001800527545417
1.35724735454621,0.0002414085663379
1.358773681934918,0.0002700356029346
1.3632686758538488,0.0001931059863961
1.3709277246872884,0.0002191750539776
1.392236782292224,0.0003074239703113
1.4226073804340766,0.0002464087145269
1.4281529215524442,0.0002764689304882
1.4303486480282317,0.0001997357179427
1.4424232708231126,0.0002214339402433
1.4849396793255052,0.0002079289846536
1.4890536477343583,0.0002914666093136
1.495689274307011,0.0002697761132975
1.5031643893462574,0.0002307586270266
1.5559107246310633,0.0001948721740432
1.566632204242466,0.0002554265550477
1.5728984688096308,0.0001693071999764
1.574857921633004,0.0002205198050654
1.610799103811959,0.0002862857234978
1.6373364535498087,0.0002255998613656
1.642951819114158,0.0001965922573265
1.6434822062034096,0.0002512051361062
1.6952438749360448,0.0001833805341455
1.7060261982571965,0.0002141385372344
1.7125679656610424,0.0002555394707899
1.7125679656610424,0.0002340781933442
1.714701413052642,0.0002910215601421
1.7261247666397062,0.0001969903466425
1.78488700634348,0.0001775675966492
1.7931362166335567,0.0002461920372797
1.7931362166335567,0.000225381681989
1.7947906281086623,0.0002698110274071
1.7947906281086623,0.000207515447838
1.8013746914404958,0.0003028375927486
1.8135082692890336,0.0002006678751846
1.8762832036153323,0.0002141268614083
1.87862060077966,0.0002566977970951
1.880570655913798,0.0002342448331633
1.927317464050059,0.0001791407789409
1.9291846295817368,0.0001975634282048
1.962968859257226,0.0002575136407063
1.97891842790477,0.0002323815080662
1.9827545972659275,0.0002125762442833
2.033949800029562,0.0002890809373647
2.0369666003935936,0.0002592712653314
2.0388887117682057,0.0001883910353284
2.0591591337510047,0.0002310519115619
2.0678414730649384,0.0002108275025933
2.104272190526163,0.0001744056731581
2.1532261979841403,0.0002100797000629
2.1813323445479367,0.0002824168403761
2.1813323445479367,0.0002587273471468
2.184729642021068,0.0002374274444123
2.213757332920319,0.0001906699448567
2.2456286013515023,0.0003148765724685
2.2596510581235374,0.0001672298343592
2.2596510581235374,0.0002864331408985
2.2655195597760267,0.0002204673992122
2.2737610758100555,0.0002616343575009
2.288908889035007,0.000243754645481
2.3118200341236825,0.0001906455430746
2.3983758439290592,0.0002256740572489
2.4298619996345705,0.0002902628758349
2.4298619996345705,0.0001849592444681
2.4326136830377667,0.000204304068547
2.4603024877016484,0.0002668380454694
2.4676062528768155,0.0001644786221019
2.5107284547023534,0.0002367560154026
2.541376241442344,0.00020113169303
2.545994559403362,0.0001779867390257
2.550029417600967,0.000286137847291
2.620737357106592,0.0002230533142744
2.62557555967966,0.0002498049753088
2.636494197907914,0.0001660527102067
2.67183229774866,0.0002894682711626
2.67919887006217,0.0002013280553261
2.73935312792914,0.0002299700208271
2.739582797532881,0.0001790386182447
2.749610283429209,0.0002578994332681
2.8079204008589937,0.0002941777681252
2.8250030517502123,0.0002112781119457
2.875524017824197,0.0002578754459686
2.882545991155722,0.0002316436975446
2.9005455733350987,0.0001863561410463
2.9382371497860937,0.0002989356635248
2.948725013009396,0.0002185395033015
2.967217797786986,0.0002532203540378
2.981913348718018,0.0001865233379895
2.990174625243496,0.0001619324739827
3.169047404190396,0.0001716193034336
3.2176378702801296,0.0001815768574973
3.2479833412803787,0.0002056316572613
3.275269181287709,0.000280873824263
3.2808834636062967,0.0002349616726489
3.37258744066968,0.0003132609936148
3.373753980480644,0.0002581330333792
3.3945273357133847,0.0002040283295682
3.4369537731030118,0.0001767479191243
3.4432988112822254,0.0002325149571105
3.466597729831898,0.0002922904405358
3.5207070105753795,0.0002552712383041
3.543158244071558,0.0001987606263137
3.557424012265219,0.000223046722073
3.566927259753202,0.0002862478929564
3.589200347688928,0.0002571931722089
3.8118081517633495,0.000168704772731
3.8515610099049744,0.0001821376195217
3.867577993733976,0.0002382377976833
3.867577993733976,0.0002176013654793
3.871592636350068,0.0001985309382977
3.890575011843064,0.0002672259125557
3.945937403899823,0.0002852904346277
4.041228526556963,0.0002308886158935
4.053475815532935,0.0002595603610152
4.068221565920787,0.0002074358532582
4.068807820023027,0.0001858557747695
4.074708560693741,0.0001696365777257
4.167546553161021,0.0002332526595697
4.258042646042331,0.0002110279827778
4.282763945753445,0.0001843789541117
4.428320857111502,0.0001841547577662
4.4331730773444455,0.0002014825835217
4.469090580124723,0.0001713613323381
4.4710229234510805,0.0002232705118955
4.583668278572618,0.0002570360280133
4.597638976777302,0.0001660710525467
4.659746586374594,0.0002056395374374
4.663615731603171,0.0001875960683047
4.674215401863608,0.0002315412321952
4.823331667828751,0.0002664061348037
4.870985740873561,0.0002115511907961
4.874744982874999,0.0001810773935003
4.893356946207625,0.0002372944833781
4.920082825250892,0.0001966821495946
4.923487015771764,0.0001631065542295
4.949338145767723,0.0002779881932055
5.1073203992051175,0.0002179803263537
5.109440349683106,0.0002467674327365
5.149887016514397,0.0002920349460326
5.152941029628132,0.0001702399146984
5.154163141923431,0.0001968443077549
5.171303179169629,0.000271346892139
5.354751366584032,0.0002161081563425
5.35586257844241,0.000246043857891
5.386697720112962,0.0001917441997034
5.401621359474961,0.0002953486031871
5.412841215636905,0.0002697323927194
5.470552146719964,0.0001726490231698
5.498877222659254,0.0001525611289313
5.590919232356504,0.0002155567774546
5.6004523886371125,0.0002428418577692
5.6539169553245125,0.0001438069847835
5.661513170682613,0.000193119728575
5.681357357644169,0.0002816980256622
5.796465006981217,0.0001486520695557
5.802481882523847,0.0001715252253142
5.828260784552545,0.0003062004507395
5.85819499370937,0.0002358938681342
5.862319396202994,0.0002066787005345
5.923261680771027,0.0002703782189241
5.933805862753287,0.0001365208141367
5.963193845777648,0.0001931920853224
6.070000979762113,0.0001655109256074
6.088221177902062,0.0001454768807213
6.14193600914734,0.0002359736157312
6.1502963252535725,0.0002070381111955
6.205560244523241,0.0002767681036374
6.229112457988495,0.0001884447381668
6.367550732029205,0.0001443610782755
6.388473360027678,0.0001669447393345
6.416815320420652,0.0002205775430179
6.416815320420652,0.00013728692665
6.437560569221605,0.0002017777629979
6.526683922597561,0.0001853568553781
6.633426646983031,0.0002696311146856
6.672078532199739,0.0001444633601811
6.697971496034984,0.0001636908849489
6.710098763940223,0.0002419403706226
6.7165279690835,0.0002193362769773
6.7165279690835,0.0001206255373774
6.731748770366533,0.0002004906355853
6.768492531242724,0.000134424727017
6.83604003840665,0.0001860363844372
6.943256643765245,0.0002188665927512
7.00596880501919,0.000199976684059
7.01748687760408,0.0001616910303974
7.101919321325544,0.0001434644967061
7.139828405090254,0.0001786004945685
7.358603493520108,0.0001296634558601
7.3892047569706,0.0001148924192203
7.397572619876251,0.0001492070960026
7.45078958551568,0.0001783910470375
7.45078958551568,0.0001629996247053
7.719759342531854,0.0001481975024219
7.738921827312031,0.0001732975343892
7.777249893404571,0.0001170067675069
7.782630949233488,0.0001291190886509
8.243300833859232,0.0001367015785927
8.256751146174972,0.0001215637277227
8.294774763934788,0.0001524277539359
8.29969377493898,0.0002175614146521
8.29969377493898,0.0001987159945411
8.29969377493898,0.0001815029864078
8.310298477906931,0.0001648589235933
8.618525088440412,0.0001094804337032
8.637024229548887,0.0001207569422721
8.677056269360278,0.0001360727086262
8.68735074808909,0.0002184533104897
8.68735074808909,0.0001995306333348
8.68735074808909,0.0001822470602517
8.68735074808909,0.0001670850049928
8.691357454056718,0.0001539643128595
9.014213002888056,0.000125305967856
9.06123975174448,0.0001130115336737
9.064408379544687,0.0001415212740987
9.093114163826955,0.0002228253312313
9.093114163826955,0.0002035239446084
9.093114163826955,0.0001858944663072
9.093114163826955,0.0001697920737048
9.126471614328755,0.0002524580361391
9.156225397418146,0.0001573738543742
9.207029617971338,0.0015108233810496
9.207029617971338,0.0013799541210987
9.21613141866475,0.0017230468450498
9.22828115099779,9.62763654755e-05
9.268366917872097,0.0023906578459399
9.268366917872097,0.00218357631211
9.268366917872097,0.0019944324190537
9.268366917872097,0.0002975015870739
9.277683747092269,0.0027236622372436
9.277683747092269,0.0003389417852535
9.283764985183533,0.0018703494399856
9.330112847321727,0.0002735419355557
9.35337347571806,0.0003878866553871
9.388073498339187,0.0030540140556534
9.439159687082348,0.0007314393775762
9.439159687082348,0.0006680812569362
9.439159687082348,0.0006102112896197
9.439159687082348,0.00055735408547
9.439159687082348,0.0005090754331729
9.439159687082348,0.0004649787332977
9.439159687082348,0.0004247017403131
9.455495476226632,0.0001288673753369
9.482784640899393,0.0001431893362758
9.484034026327851,0.0001082785147177
9.521421175380125,0.000170680227482
9.525732702702806,0.0010510047708626
9.525732702702806,0.0009599655280941
9.525732702702806,0.000876812209304
9.525732702702806,0.0008008617266819
9.525732702702806,0.0002466152317806
9.525732702702806,0.0002252531365943
9.525732702702806,0.0002057414506769
9.525732702702806,0.000187919889448
9.531004998654014,0.0001567748799342
9.58720367942306,0.0001194672164706
9.677142280972934,0.0016534916885523
9.677142280972934,0.0015102643356201
9.677142280972934,0.0013794435008277
9.677142280972934,0.0012599545172961
9.677142280972934,0.0003230905057933
9.677142280972934,0.0002951040343628
9.677142280972934,0.0002695417832949
9.693219470141766,0.0003564328216298
9.693889932359482,0.0011437435014134
9.697242939131929,0.0026010824344018
9.697242939131929,0.0023757736805586
9.697242939131929,0.0019820151415176
9.697242939131929,0.0018103307090185
9.717385348920349,0.0021682109743484
9.717385348920349,0.0003921300913907
9.737569597061672,0.0004248022744243
9.737569597061672,0.0001098080000173
9.737569597061672,0.0001432182095833
9.737569597061672,0.000130812483451
9.748272343164096,0.0029632968728536
9.75779577045945,0.0007340385307714
9.75779577045945,0.0006660518804862
9.75779577045945,0.0006083577000933
9.75779577045945,0.0005556610560015
9.75779577045945,0.0005075290558653
9.75779577045945,0.0004635663049722
9.75779577045945,0.000171673472507
9.75779577045945,0.0001568029187533
9.798374241541753,0.0010512303385785
9.798374241541753,0.0009601715568749
9.798374241541753,0.0008770003916347
9.798374241541753,0.0008010336084425
9.798374241541753,0.0002456543744311
9.798374241541753,0.0002234533446413
9.798374241541753,0.0002040975587741
9.798374241541753,0.0001868026604895
