0.0020297165939015278, 2.8366418938517626e-8
0.0021236378623181846, 2.870529176961587e-8
0.0022228274285958013, 2.8501042162955436e-8
0.0023266498799019426, 2.812923528260072e-8
0.00243532160617048, 2.8297474612957425e-8
0.002549069104342733, 2.7895479912399694e-8
0.0026681294504393217, 2.7781560462944645e-8
0.0027927507936812987, 2.7697718954803904e-8
0.002923192873690331, 2.76141304705527e-8
0.0030677576843264795, 2.7055383175846547e-8
0.0032026394279284108, 2.6943712747710195e-8
0.003352226333227342, 2.7323924690665367e-8
0.003508800051353774, 2.7487347504918624e-8
0.0036726869180480513, 2.771912278625867e-8
0.00384422851133882, 2.7692435131596257e-8
0.0040237823634704205, 2.768131458781985e-8
0.00424682502483868, 2.6466125056187296e-8
0.004445183106385996, 2.6465403729328354e-8
0.0046528059747528785, 2.6375657362627243e-8
0.004884138550202522, 2.6527875649863947e-8
0.005127654725472964, 2.5848313887505953e-8
0.005357881491850596, 2.640397336686711e-8
0.005608134112965291, 2.6403253733935182e-8
0.005859123384133922, 2.6329604741651938e-8
0.006144251236018731, 2.5999632019571847e-8
0.006442363280236577, 2.590210630943426e-8
0.006731619196488242, 2.5382662058320006e-8
0.007046035510255069, 2.5391475021951634e-8
0.007375137387105188, 2.5486023976818953e-8
0.007719610751253182, 2.5724991210995015e-8
0.008080173564638408, 2.599051476738487e-8
0.008457577323323261, 2.6009274801226573e-8
0.008852608623784295, 2.6018305327354275e-8
0.009266090802360707, 2.6027338988917422e-8
0.00969888565127712, 2.6036375787004655e-8
0.010151895214817403, 2.6001571479466728e-8
0.01062606366939296, 2.5734532133463866e-8
0.011122379291424152, 2.5451170396908934e-8
0.01164187651713627, 2.5383863645946925e-8
0.012185638098563238, 2.5165531301977448e-8
0.012754797360252552, 2.5089584664626514e-8
0.013350540561375036, 2.5098295870593565e-8
0.013974109368162542, 2.527678218786056e-8
0.01462680344182676, 2.5585530672113855e-8
0.015309983147352924, 2.5753015042714343e-8
0.01571046417083008, 0.0000131234635434554
0.0160250723888142, 2.590704233716182e-8
0.016239301922337038, 0.000014133610563967422
0.01637959013704198, 0.000012883628184674751
0.016471768498439388, 0.000015770549674407936
0.016773561577116184, 2.609128004803586e-8
0.016993766835141075, 0.00001260231260904734
0.017066817146737145, 0.000017237733443524042
0.01732950696295277, 0.000011679544012110177
0.01755701073635696, 2.610033904671925e-8
0.017570677425545092, 0.000019521268474922468
0.01759347888582286, 0.00001773741242064146
0.01807451558784335, 0.000011780858277444059
0.01827059301708754, 0.00002010061561248559
0.018377052755277117, 2.610940119072383e-8
0.018498201330960126, 0.00002269469317846253
0.01860727424735741, 0.000025443519898009758
0.018840379876307815, 0.00002802650535829848
0.018859004925833818, 0.000010728229028726795
0.01905206253041657, 0.000030167398827843365
0.019235396790576533, 2.6118466481141706e-8
0.019720364708748384, 0.000010711229147777257
0.019884722758007893, 0.000029930964659774305
0.02013383182919108, 2.612753491906533e-8
0.02064145132949733, 0.000010099488321260707
0.02081348611305771, 0.00003127622323883554
0.021074230416954026, 2.6121932351239528e-8
0.021216828200327584, 0.000009335827962031866
0.02152724758890641, 0.000033085238530083
0.02177659052959759, 0.00003153158220041203
0.022058552561413435, 2.5708870113017552e-8
0.02215028458351011, 0.000009441645299010927
0.022509363697697373, 0.000034200657708058776
0.022708743424694065, 0.00000831448370888799
0.02302260983168528, 2.542706611527076e-8
0.023056932734156273, 0.000036150724493519896
0.023603532893152018, 0.0000350013159398327
0.02374476173756402, 0.000008469781759680297
0.02416726956063925, 2.5525245539845703e-8
0.02451576881285448, 0.0000368685835368856
0.024808238748968987, 0.000007944746985945925
0.025296059467981226, 2.553410800904281e-8
0.025612959932491138, 0.00003838042252421677
0.026041678052758893, 0.000007420524535602649
0.026477572197474052, 2.554297355532526e-8
0.02680927425324661, 0.000040150516808931296
0.02771427029414711, 0.000006837043258101785
0.02771427029414711, 2.5551842179761483e-8
0.02806146528476947, 0.000041735761185624005
0.028593920044183593, 0.0000063391467030957136
0.029008731322062806, 2.5560713883420223e-8
0.02937214288197161, 0.00004344048199698781
0.02986378343885316, 0.000006311842654463568
0.03036365323655456, 2.5569588667370656e-8
0.030744038799256985, 0.000045401429292988176
0.031258642599762534, 0.000006054744150470823
0.03178186000738795, 2.557846653268216e-8
0.03218001238412784, 0.00004751311596269658
0.03271865198126458, 0.0000056051661129302065
0.03326630750456505, 2.558734748042466e-8
0.03363894348575765, 0.000048950141445162756
0.03412525160195465, 0.0000051395269452496955
0.034820089659039224, 2.559623151166843e-8
0.03520470229743411, 0.00005115677540618136
0.03584643552157431, 0.000004803677806590388
0.03644644491118078, 2.5605118627483977e-8
0.03704624670734576, 0.000054181663694980764
0.0374584967625989, 0.0000044387319864644054
0.03814876296043367, 2.5642794562393855e-8
0.03848952298331843, 0.00005606665454693723
0.03863669770540691, 0.000004185928172827671
0.03993059183023091, 2.5738279343157986e-8
0.04010704725050718, 0.0000040285342688680214
0.04043082875903685, 0.000059294329284315945
0.04126781683232134, 0.0000037637235358421553
0.04179564526289368, 2.5950447992219246e-8
0.042319246949356626, 0.00006208705318573876
0.04286126463043307, 0.0000036533064731227917
0.043747810459926886, 2.5959458093439303e-8
0.043917586710107884, 0.0000033919746412658317
0.04429586821072361, 0.00006496265043872619
0.04571204508131352, 0.0000030415692469834987
0.04579115618384363, 0.000003304705256749359
0.04579115618384363, 2.5968471323003192e-8
0.04644505308540645, 0.00006834873405902349
0.047759752657684784, 0.0000030684996934496885
0.047929941238404654, 2.571139643650542e-8
0.04846330487655947, 0.00007181001655983753
0.04870332600531883, 0.000002872403515910287
0.05016862334494769, 2.5720323538051907e-8
0.05060074777491742, 0.0000027934512857993554
0.05070843623044006, 0.00007588141621678571
0.05162594875496678, 0.0000026409686139364116
0.05251186843330678, 2.6000396597063633e-8
0.052828807146147606, 0.00008093388896186853
0.05405969152705119, 0.000002521353916056539
0.054964560366686226, 2.6111873230569073e-8
0.05519313430652443, 0.00008396925763934657
0.05753181112075789, 2.6164984902486247e-8
0.05761984037531037, 0.00008728312413554074
0.05777106115107142, 0.000002234451350679899
0.05896600240561743, 0.0000020434103417363595
0.059721228885060325, 0.0001004102447567453
0.06021897143819752, 2.6464758348276805e-8
0.06046939621122959, 0.00008858258532372182
0.06118460288137459, 0.000001982223172008736
0.062058317929906175, 0.0000018655961096256856
0.06275324214990365, 0.00010250338481072292
0.06303164198086657, 2.6533484768122066e-8
0.06316256673653012, 0.00009025933935176436
0.06448686499237005, 0.0000017957706491636677
0.06543036008095203, 0.00010590702377655597
0.06597568500288321, 2.6857583505976783e-8
0.06665560066099928, 0.0000016099210383900929
0.06868348814867209, 0.00011408364989342357
0.06886049098214697, 0.0000014525512639719106
0.06905723656891201, 2.6887033984550025e-8
0.07019371653652395, 0.0000013136467709399123
0.07175612931046732, 0.00012003539636810918
0.07228271934313789, 2.6886301185935657e-8
0.07228271934313789, 0.00000128222174224321
0.073362017192532, 9.146953494344198e-7
0.07349261119657115, 0.0000011395803599076518
0.07363507795991425, 7.942392617006563e-7
0.0742590562092886, 0.0000010204349003058875
0.07523041653527664, 0.00012427246480062145
0.07565885597557957, 2.6620140242545943e-8
0.07593640517355049, 7.491292745792439e-7
0.07861575299857446, 0.0001297173083444329
0.07890323214960086, 7.379977353511447e-7
0.07919268311364272, 2.6950342068686593e-8
0.08148714729371859, 6.887648892702402e-7
0.08228768905739224, 0.00013724850622777896
0.08289156606811612, 2.700010431228603e-8
0.08465292958451973, 6.750642279161224e-7
0.08636172296626674, 0.0001450926422066221
0.08673921330480452, 6.283255807817741e-7
0.08707238888673396, 2.6961856830624815e-8
0.09039545300847873, 0.0001482704999653689
0.09043959746517377, 6.273184131375148e-7
0.09090996577236363, 2.7062096670156045e-8
0.09457653466550495, 0.0001503352579783894
0.0950574603122918, 2.7523508875089498e-8
0.09545276335973986, 5.871154648005496e-7
0.09898665387073012, 5.267350312401028e-7
0.09905959583583904, 0.00015593317212226983
0.09949734548628071, 2.8327752225445648e-8
0.10328379426070487, 0.00015959354228133822
0.10371330708893657, 5.235004092240715e-7
0.1041446060760807, 2.8846049750887324e-8
0.10810790996235409, 0.0001657720771851061
0.1090089280445934, 2.9105622787696464e-8
0.11083355521954154, 4.84524392871838e-7
0.11266645665159039, 4.3205295347460683e-7
0.11268872360232722, 2.804313768805973e-8
0.11345432404013854, 0.00017453722940005814
0.11800651980999426, 4.411108203992668e-7
0.1185597199395722, 0.00018161247070080987
0.11942978312994124, 2.7679924833880116e-8
0.12094687065060243, 3.9686906174169875e-7
0.12409733414746954, 0.00018717267060057826
0.12455112864672221, 2.8385862023479746e-8
0.12657409403978934, 4.0221155150192495e-7
0.13000787363463276, 0.000195193410959519
0.13084683387245025, 2.896114697842109e-8
0.13442441678509098, 2.902136541838272e-8
0.13582631178045068, 0.00020137233557584157
0.13639115492683876, 3.6456502868530276e-7
0.1409221661937366, 3.2322045621340933e-7
0.14217040330078384, 0.00020955826984628826
0.14283134617649557, 2.985502871553606e-8
0.14750877279623675, 2.91546605375031e-8
0.14778510052559526, 3.231154945349974e-7
0.14881081073142033, 0.00022033388089964215
0.1506750621617498, 2.891002248785059e-7
0.15576137421297243, 0.00022954829915447487
0.15771269994824247, 2.961585346736389e-7
0.16101938402168237, 3.032846068745453e-8
0.16178967574187886, 2.630018783904979e-7
0.16854017800769894, 3.050985345784247e-8
0.16924106403773806, 2.6642748558311126e-7
0.170516751288542, 0.00025002440122578193
0.17136125876117303, 2.4088202487300976e-7
0.1764122485963666, 3.073833026383778e-8
0.17796941320121876, 0.00026144621881503367
0.17936509464812264, 2.436391385024314e-7
0.1814931565815792, 2.185048249757704e-7
0.18465200299838666, 3.130659285733092e-8
0.18655494327305905, 0.00026447077495374505
0.1895493805936655, 2.220520100976577e-7
0.19223057189954157, 2.0791393928026143e-7
0.19361110704023834, 3.1796370834545406e-8
0.19569791872370734, 0.0002840102024975332
0.19954605564253486, 2.04251222750797e-7
0.20057987499763516, 0.0003016775598458893
0.20152199417709402, 3.240990232080189e-8
0.2034698610091553, 1.9119384267266242e-7
0.2093502882595494, 0.0003102665759640922
0.2110353830142735, 1.764556657079953e-7
0.2119206025324752, 3.321781298051813e-8
0.21596869527295887, 0.00024060393655223807
0.21611132893582127, 0.0002002770629786586
0.2161181233641855, 1.6167350481164285e-7
0.2161928761761467, 0.0002693201779040202
0.2164622004523265, 0.0002199474523663401
0.21664193634021733, 0.00030552827701501537
0.21689181712758643, 0.00018284255074829214
0.21831805582026223, 0.0001640587120634021
0.21890126729811865, 1.728210748104075e-7
0.22072568514256097, 0.00014500324633396163
0.22164358822665645, 3.4355352087121645e-8
0.22411003461769718, 0.0001801470766998212
0.22535353126972474, 0.00019219465730999926
0.2259153534935758, 0.00020854913534178244
0.22629067957319762, 0.00022814198013852962
0.2265143839327697, 0.00025966977262818904
0.22880883872422486, 1.31155925041724e-7
0.2300784071547204, 0.00029698190683751164
0.2319959801172484, 3.5751922540650135e-8
0.23571611361906034, 0.00020196605493669637
0.23571611361906034, 0.00018233147795401497
0.23597711381141337, 0.00021945829419028082
0.23676184964700991, 0.00024087136239693392
0.23778706985274206, 0.00026760408190978474
0.239640887625523, 1.1063889370362141e-7
0.24165905070249993, 0.0002827672170410058
0.2428319051373744, 3.764664494698838e-8
0.2435527869074118, 1.1845923012082351e-7
0.24841107937269863, 0.000251967962049696
0.24895424744111452, 0.00017414878051064055
0.2491839415156208, 0.000228518281003689
0.24936784935108797, 0.00018984403088770653
0.25022906560881836, 1.0522602139283655e-7
0.25207306192507256, 0.00020667007655224525
0.2529463124581722, 0.00027332218081463285
0.2531670006742883, 3.9828805462668725e-8
0.2592638810298737, 9.651011354133442e-8
0.2609809648729002, 0.00024310145407498452
0.2619073204102084, 0.0002172831762782504
0.26371794870264437, 4.31797973509017e-8
0.26478693450879526, 0.00027170678956060264
0.26596083236110646, 8.96728778968438e-8
0.26792931261505437, 0.00019712031906234394
0.27439325749682647, 0.00023052447689422617
0.27600664638470646, 4.6500793256841775e-8
0.27603552384838215, 7.782067122011607e-8
0.2761703252993763, 0.0002501566943820574
0.27668654859616276, 0.00027626342520979306
0.2800946590330604, 0.0002071768197791791
0.2816487919006608, 5.187612133156575e-8
0.2837213084414874, 7.541462729342067e-8
0.2854306092159653, 6.628528856748253e-8
0.2866802015644307, 0.0002203573657232584
0.2866802015644307, 0.00018222745409395637
0.28717634184384655, 5.961480382255867e-8
0.2890695183639089, 0.0002509942007005395
0.28935528405076516, 0.0002853847709915225
0.2906734491245369, 0.00023655768413542862
0.29303813248448574, 5.45474515211309e-8
0.29635761561785096, 6.224037469191279e-8
0.30354939680198567, 0.000299863989488481
0.30403968100183243, 0.00017834823188899116
0.30545492118000883, 0.0002665367815677123
0.30636170846614535, 0.00024063387277514488
0.3070470656818568, 0.00021483697902989366
0.30827473353671486, 0.00019555086483222993
0.3177273946362087, 0.00030613901239099484
0.3203385426043087, 0.00027306281577599685
0.32215310710775796, 0.00024805465358405807
0.32289669626510287, 0.0002254858282766719
0.32925239643391563, 0.0002108613771980073
0.33149589967681825, 0.0003180926125158046
0.33366476288706626, 0.0002423974084095973
0.33479267737609447, 0.00028726597490242586
0.33615566836944905, 0.00026184724419733645
0.34697920551497036, 0.0003182030555662282
0.3498710802948906, 0.0002906582856154346
0.35084038469933504, 0.0002143067998568317
0.35144756317048553, 0.0002639457452966615
0.35144756317048553, 0.00023967998895189465
0.3598849440788046, 0.00020401255503527604
0.36356269187306645, 0.0003166815728692226
0.3660606979697591, 0.00029075828576403294
0.367517616190586, 0.00018310987153229117
0.36773556342239394, 0.00026569108715273276
0.368040906701094, 0.00024088580576677615
0.3682446097277104, 0.0002195482323348749
0.37805149329432525, 0.0002015829314047461
0.38014914932747595, 0.0003184240567192206
0.3833174767663398, 0.0002908601561352933
0.3841136760308687, 0.00024265709098874244
0.38473408532269054, 0.0002201244474750994
0.3847886746945439, 0.0002639116543027966
0.39790492111496717, 0.00031544892357368223
0.3985659832862399, 0.0001791087457623647
0.40237561492992957, 0.00029124416716973435
0.4024123163236576, 0.00019826685083033837
0.4028897391848219, 0.0002396234461086517
0.4037265925334646, 0.000217202810257549
0.4037910378205714, 0.00026126274830040114
0.4139054543070613, 0.00019199498263377347
0.4174788541167928, 0.0002138342192353589
0.41996122649140033, 0.0003134587771442599
0.4215730655642032, 0.0002583846990598668
0.4217076644048127, 0.0002863156526917278
0.42331494515480705, 0.0002352081313644404
0.4395765162016837, 0.0003135676113081726
0.44071813295815243, 0.0002390651051992488
0.4415454562408006, 0.00028397632709673183
0.44158774418889746, 0.0002596741432227614
0.4417099321238061, 0.00021182815790234875
0.4590181783016672, 0.00019614376559528093
0.46010798475455417, 0.0003136764832597502
0.46074489968197097, 0.0002366556879681298
0.4614465244709697, 0.00026169381318137826
0.4625009654840054, 0.00028475224269174077
0.4699173238857663, 0.00021857605409391018
0.4810536579865012, 0.0003115584946727946
0.4815984244658022, 0.00019811004069430124
0.4839357871522861, 0.00026178852975227915
0.48520938827459775, 0.00028485605408788987
0.49169586012252076, 0.0002184120842904484
0.49800325791957933, 0.00023470361202256637
0.502005003711953, 0.0001981973045815908
0.504092626368287, 0.0003138943405783842
0.5053493647862628, 0.00026187474060454557
0.5068896340715344, 0.0002852442962095394
0.5175594508698186, 0.00023278812788656808
0.5265437750222947, 0.00018726600872689207
0.5270903406201622, 0.0003124957604607232
0.5280025443490757, 0.00020442093912418545
0.5307119302766627, 0.00028681666835178387
0.5325447958353748, 0.0002576987731501714
0.5448832382179172, 0.00023724253645384513
0.5522820389531661, 0.0003141123492051781
0.5531642585651448, 0.0002840132110541122
0.5543230819770844, 0.00021241287829983579
0.5589108347948712, 0.0001924340096712516
0.5596361331365197, 0.00025605455149522186
0.576118204800801, 0.00022502984162715378
0.5780776874856722, 0.0003120719860898122
0.5801376274079779, 0.00025695789738503915
0.5822509309210085, 0.0002798487738255522
0.5871442709078798, 0.00023530897964997748
0.6013233191313061, 0.00018591753396900783
0.6046218023414214, 0.0002101005134115608
0.6068532822239201, 0.0002770646323516863
0.6074263671643811, 0.0003092038946185826
0.610121166542827, 0.0002384600368343403
0.6336490918440467, 0.0002846867026559649
0.6391154411980511, 0.00023649338145970595
0.6412740679951284, 0.0001915803840090604
0.6430506931967306, 0.00017936705850526058
0.6436439947184056, 0.0002111030595858508
0.6567603060205393, 0.00025895286582392163
0.6646612545841245, 0.0003098855320823098
0.6684465200262155, 0.0002859039210697169
0.6693718323026622, 0.00020011188968251177
0.6705302740998274, 0.00022736572264355124
0.6716907207429275, 0.00018053835690868105
0.6894687534784874, 0.0002586966300948249
0.6923619590621789, 0.0003129549662254996
0.7030636362693358, 0.00019977483496244166
0.7091118871366574, 0.00022323863739443897
0.7092735965817322, 0.00018144742619336386
0.7163927690668029, 0.0002851136544668819
0.718120431511177, 0.00025664661857714173
0.7225364652354214, 0.00023495372809262115
0.7267968340170445, 0.0003269166134532702
0.7276867612669261, 0.0003961703425287
0.7366148328315831, 0.0003621165327473805
0.7375324775763342, 0.00021008761454316925
0.7415221663351644, 0.00018943706623431283
0.7438337197481641, 0.0002520486432541396
0.7446058377391725, 0.00023565361276415108
0.7477023328047772, 0.0003997826381990307
0.748549064059482, 0.0002863858933428616
0.7578551512100498, 0.0004283782461929039
0.7581172847263433, 0.0003288598138592898
0.7907874532477194, 0.00020544899138832045
0.7924300195976443, 0.00024652224469116034
0.7937465288478165, 0.0003002860850892757
0.8016916427722636, 0.00036655235187422
0.8169167065206917, 0.0003233744263972822
0.8433258297653656, 0.0002530177424948281
0.8443263533930185, 0.00023207052646201278
0.8443263533930185, 0.00021209305675790938
0.8447268951318178, 0.00028523611960981713
0.8790597410515618, 0.00021228294584461224
0.8827153720076695, 0.00025237697113918595
0.8827153720076695, 0.00022890752312062316
0.9147880016499923, 0.00022127513374458523
0.9335803973675904, 0.00020158505196944597
0.9571180735947438, 0.000218633256985201
0.9863525777513649, 0.00019667960030789427
1.0185913880541169, 0.0002151629238702805
1.057110926842595, 0.00047024616411814573
1.0577011496600024, 0.0005325769484182378
1.0577204016034054, 0.0004140281087599038
1.0659969648951517, 0.0001936877576118355
1.0687848329469216, 0.00022245134913709578
1.0728246302573285, 0.00031807527370116733
1.0728246302573285, 0.0002905232274460814
1.0728246302573285, 0.00024273542306781063
1.0738851933671194, 0.0003625867951729365
1.1229334607954164, 0.00030420668033272696
1.1247990542887265, 0.00027876599412257624
1.1260445048649337, 0.000196945384127423
1.127603257544409, 0.0002575361725896024
1.1320160986934293, 0.0002254244785576896
1.1608401316964938, 0.00019113048647092517
1.1753827436563526, 0.00029621861996674326
1.1815603216442268, 0.00025971520740070906
1.1837744592040826, 0.00020830491661481593
1.1866553394102204, 0.00022586067835574734
1.233034040325333, 0.0002880218607947038
1.2353980074921334, 0.0002630693310800747
1.236130629723158, 0.0002428152234409106
1.236130629723158, 0.00022191281138566878
1.2362527756608785, 0.00020257140442606362
1.2442182056131794, 0.00018243912533392825
1.271812205329918, 0.0002877795515770077
1.2926124618328536, 0.00026256941761906605
1.300275109174193, 0.00024135746431622765
1.3011747656146222, 0.00021932501339852573
1.3033856531917902, 0.00019844822451042245
1.3054243945893804, 0.00018005275454175963
1.35724735454621, 0.00024140856633797394
1.358773681934918, 0.000270035602934688
1.3632686758538488, 0.00019310598639619102
1.3709277246872884, 0.000219175053977653
1.3922367822922241, 0.000307423970311318
1.4226073804340766, 0.0002464087145269538
1.4281529215524442, 0.00027646893048829474
1.4303486480282315, 0.0001997357179427193
1.4424232708231126, 0.00022143394024333192
1.4849396793255052, 0.0002079289846536346
1.4890536477343583, 0.0002914666093136542
1.495689274307011, 0.0002697761132975797
1.5031643893462574, 0.00023075862702663088
1.5559107246310633, 0.00019487217404329948
1.566632204242466, 0.00025542655504775727
1.5728984688096308, 0.00016930719997640376
1.5748579216330039, 0.00022051980506549793
1.610799103811959, 0.0002862857234978237
1.6373364535498087, 0.000225599861365629
1.642951819114158, 0.00019659225732655486
1.6434822062034096, 0.0002512051361062794
1.6952438749360448, 0.00018338053414558494
1.7060261982571963, 0.00021413853723445086
1.7125679656610424, 0.00025553947078994684
1.7125679656610424, 0.00023407819334422995
1.714701413052642, 0.00029102156014211377
1.7261247666397062, 0.0001969903466425738
1.7848870063434799, 0.00017756759664927627
1.7931362166335567, 0.00024619203727977487
1.7931362166335567, 0.00022538168198908898
1.7947906281086623, 0.00026981102740715045
1.7947906281086623, 0.00020751544783804618
1.8013746914404958, 0.00030283759274864046
1.8135082692890336, 0.00020066787518463635
1.8762832036153323, 0.0002141268614083745
1.8786206007796602, 0.0002566977970951714
1.880570655913798, 0.00023424483316334668
1.927317464050059, 0.00017914077894090483
1.9291846295817372, 0.0001975634282048775
1.962968859257226, 0.00025751364070630405
1.97891842790477, 0.000232381508066267
1.9827545972659275, 0.00021257624428337352
2.033949800029562, 0.00028908093736479065
2.0369666003935936, 0.0002592712653314793
2.0388887117682057, 0.00018839103532844445
2.0591591337510047, 0.00023105191156190077
2.0678414730649384, 0.00021082750259334752
2.104272190526163, 0.00017440567315812067
2.1532261979841403, 0.0002100797000629957
2.1813323445479367, 0.0002824168403761285
2.1813323445479367, 0.000258727347146868
2.1847296420210673, 0.00023742744441238218
2.213757332920319, 0.00019066994485677122
2.2456286013515023, 0.0003148765724685745
2.2596510581235374, 0.00016722983435926952
2.2596510581235374, 0.0002864331408985118
2.2655195597760267, 0.00022046739921226046
2.2737610758100555, 0.00026163435750092097
2.288908889035007, 0.00024375464548107408
2.3118200341236825, 0.00019064554307461027
2.3983758439290592, 0.00022567405724895076
2.4298619996345705, 0.00029026287583490466
2.4298619996345705, 0.00018495924446816894
2.4326136830377667, 0.00020430406854700457
2.4603024877016484, 0.00026683804546944145
2.4676062528768155, 0.00016447862210193626
2.5107284547023534, 0.00023675601540268287
2.541376241442344, 0.00020113169303004585
2.545994559403362, 0.00017798673902576738
2.550029417600967, 0.00028613784729101827
2.620737357106592, 0.00022305331427446723
2.62557555967966, 0.00024980497530889903
2.636494197907914, 0.00016605271020674422
2.67183229774866, 0.00028946827116262304
2.67919887006217, 0.000201328055326172
2.73935312792914, 0.00022997002082714277
2.739582797532881, 0.00017903861824479375
2.7496102834292095, 0.0002578994332681924
2.8079204008589937, 0.0002941777681252382
2.8250030517502123, 0.00021127811194579234
2.875524017824197, 0.0002578754459686895
2.882545991155722, 0.0002316436975446109
2.9005455733350987, 0.00018635614104637726
2.9382371497860937, 0.0002989356635248716
2.948725013009396, 0.0002185395033015394
2.967217797786986, 0.00025322035403780175
2.981913348718018, 0.00018652333798950188
2.990174625243496, 0.00016193247398275262
3.1690474041903958, 0.0001716193034336188
3.2176378702801296, 0.0001815768574973877
3.2479833412803787, 0.00020563165726132673
3.275269181287709, 0.0002808738242630739
3.2808834636062967, 0.00023496167264893588
3.37258744066968, 0.0003132609936148477
3.3737539804806436, 0.00025813303337925505
3.3945273357133847, 0.00020402832956825962
3.4369537731030113, 0.00017674791912433263
3.4432988112822254, 0.00023251495711050767
3.466597729831898, 0.0002922904405358574
3.5207070105753795, 0.0002552712383041178
3.543158244071558, 0.00019876062631379372
3.557424012265219, 0.00022304672207307353
3.566927259753202, 0.000286247892956405
3.589200347688928, 0.00025719317220899784
3.8118081517633495, 0.00016870477273104193
3.8515610099049744, 0.00018213761952176586
3.8675779937339763, 0.00023823779768330532
3.8675779937339763, 0.00021760136547937652
3.8715926363500683, 0.0001985309382977812
3.890575011843064, 0.00026722591255570445
3.9459374038998227, 0.0002852904346277846
4.041228526556963, 0.00023088861589351384
4.053475815532935, 0.0002595603610152151
4.068221565920787, 0.0002074358532582535
4.068807820023027, 0.0001858557747695695
4.074708560693741, 0.00016963657772573823
4.167546553161021, 0.00023325265956971998
4.258042646042331, 0.00021102798277789853
4.282763945753445, 0.0001843789541117512
4.428320857111502, 0.0001841547577662662
4.4331730773444455, 0.00020148258352175937
4.469090580124723, 0.0001713613323381841
4.4710229234510805, 0.00022327051189554423
4.583668278572618, 0.0002570360280133764
4.597638976777302, 0.00016607105254674387
4.659746586374594, 0.00020563953743745289
4.663615731603171, 0.00018759606830472006
4.6742154018636075, 0.00023154123219522874
4.823331667828751, 0.0002664061348037505
4.870985740873561, 0.00021155119079611413
4.874744982874999, 0.00018107739350039064
4.893356946207625, 0.00023729448337815798
4.920082825250892, 0.0001966821495946061
4.923487015771764, 0.0001631065542295862
4.949338145767723, 0.0002779881932055206
5.1073203992051175, 0.00021798032635379116
5.109440349683106, 0.00024676743273653525
5.149887016514397, 0.00029203494603260457
5.152941029628132, 0.00017023991469840072
5.154163141923431, 0.0001968443077549291
5.171303179169629, 0.00027134689213909784
5.354751366584032, 0.00021610815634256434
5.35586257844241, 0.000246043857891013
5.386697720112962, 0.00019174419970347526
5.401621359474961, 0.00029534860318711367
5.412841215636905, 0.0002697323927194662
5.470552146719964, 0.00017264902316984376
5.498877222659254, 0.0001525611289313497
5.590919232356504, 0.000215556777454662
5.6004523886371125, 0.00024284185776928143
5.6539169553245125, 0.00014380698478358631
5.661513170682613, 0.00019311972857502123
5.681357357644169, 0.00028169802566223876
5.796465006981217, 0.00014865206955571813
5.802481882523847, 0.0001715252253142962
5.828260784552545, 0.00030620045073954314
5.85819499370937, 0.0002358938681342163
5.862319396202994, 0.00020667870053451426
5.923261680771027, 0.00027037821892412546
5.933805862753287, 0.00013652081413678685
5.963193845777648, 0.0001931920853224763
6.070000979762113, 0.00016551092560748498
6.088221177902062, 0.00014547688072135242
6.14193600914734, 0.0002359736157312657
6.1502963252535725, 0.0002070381111955479
6.205560244523241, 0.0002767681036374577
6.229112457988495, 0.00018844473816682174
6.367550732029205, 0.0001443610782755613
6.388473360027678, 0.00016694473933451362
6.4168153204206515, 0.00022057754301790613
6.4168153204206515, 0.00013728692665009964
6.437560569221605, 0.00020177776299794487
6.526683922597561, 0.00018535685537812412
6.633426646983031, 0.0002696311146856298
6.672078532199739, 0.00014446336018110093
6.697971496034984, 0.00016369088494895472
6.7100987639402225, 0.0002419403706226743
6.7165279690835, 0.00021933627697737153
6.7165279690835, 0.00012062553737745916
6.731748770366533, 0.0002004906355853737
6.768492531242724, 0.00013442472701704884
6.83604003840665, 0.00018603638443720575
6.943256643765245, 0.0002188665927512728
7.00596880501919, 0.00019997668405906025
7.01748687760408, 0.000161691030397495
7.101919321325544, 0.00014346449670619386
7.139828405090254, 0.00017860049456859393
7.358603493520108, 0.0001296634558601459
7.3892047569706, 0.000114892419220352
7.397572619876251, 0.0001492070960026823
7.45078958551568, 0.0001783910470375838
7.45078958551568, 0.00016299962470535246
7.719759342531854, 0.00014819750242191896
7.738921827312031, 0.00017329753438923018
7.777249893404571, 0.00011700676750690648
7.782630949233488, 0.00012911908865090738
8.243300833859232, 0.00013670157859276322
8.256751146174972, 0.00012156372772271153
8.294774763934788, 0.00015242775393597798
8.29969377493898, 0.00021756141465215692
8.29969377493898, 0.00019871599454116229
8.29969377493898, 0.0001815029864078505
8.310298477906931, 0.00016485892359332838
8.618525088440412, 0.00010948043370323957
8.637024229548887, 0.00012075694227213131
8.677056269360278, 0.0001360727086262451
8.68735074808909, 0.0002184533104897553
8.68735074808909, 0.00019953063333489696
8.68735074808909, 0.0001822470602517702
8.68735074808909, 0.00016708500499285506
8.691357454056718, 0.00015396431285958593
9.014213002888056, 0.0001253059678560766
9.061239751744479, 0.00011301153367374829
9.064408379544687, 0.00014152127409876466
9.093114163826955, 0.00022282533123138245
9.093114163826955, 0.0002035239446084795
9.093114163826955, 0.00018589446630725627
9.093114163826955, 0.00016979207370482462
9.126471614328755, 0.00025245803613917065
9.156225397418146, 0.00015737385437426755
9.207029617971338, 0.0015108233810496524
9.207029617971338, 0.001379954121098771
9.21613141866475, 0.001723046845049869
9.22828115099779, 0.00009627636547556263
9.268366917872095, 0.0023906578459399895
9.268366917872095, 0.0021835763121100297
9.268366917872095, 0.001994432419053795
9.268366917872095, 0.0002975015870739223
9.277683747092269, 0.0027236622372436544
9.277683747092269, 0.0003389417852535468
9.283764985183533, 0.00187034943998561
9.330112847321729, 0.00027354193555576104
9.35337347571806, 0.00038788665538711675
9.388073498339189, 0.0030540140556534453
9.439159687082348, 0.0007314393775762395
9.439159687082348, 0.0006680812569362011
9.439159687082348, 0.0006102112896197362
9.439159687082348, 0.0005573540854700856
9.439159687082348, 0.0005090754331729562
9.439159687082348, 0.00046497873329779787
9.439159687082348, 0.000424701740313149
9.455495476226632, 0.00012886737533697646
9.482784640899391, 0.00014318933627589849
9.484034026327853, 0.00010827851471778834
9.521421175380125, 0.0001706802274820163
9.525732702702806, 0.0010510047708626432
9.525732702702806, 0.0009599655280941874
9.525732702702806, 0.0008768122093040321
9.525732702702806, 0.0008008617266819052
9.525732702702806, 0.0002466152317806634
9.525732702702806, 0.00022525313659431054
9.525732702702806, 0.00020574145067690607
9.525732702702806, 0.00018791988944808744
9.531004998654014, 0.00015677487993427444
9.587203679423059, 0.00011946721647062979
9.677142280972934, 0.001653491688552321
9.677142280972934, 0.0015102643356201494
9.677142280972934, 0.0013794435008277332
9.677142280972934, 0.0012599545172961475
9.677142280972934, 0.0003230905057933624
9.677142280972934, 0.00029510403436282576
9.677142280972934, 0.00026954178329496723
9.693219470141766, 0.0003564328216298941
9.693889932359482, 0.0011437435014134232
9.697242939131927, 0.0026010824344018355
9.697242939131927, 0.0023757736805586787
9.697242939131927, 0.0019820151415176315
9.697242939131927, 0.0018103307090185513
9.717385348920347, 0.002168210974348403
9.717385348920347, 0.0003921300913907562
9.737569597061672, 0.0004248022744243962
9.737569597061672, 0.00010980800001730135
9.737569597061672, 0.00014321820958337013
9.737569597061672, 0.00013081248345101165
9.748272343164096, 0.002963296872853661
9.75779577045945, 0.000734038530771447
9.75779577045945, 0.0006660518804862469
9.75779577045945, 0.0006083577000933228
9.75779577045945, 0.0005556610560015958
9.75779577045945, 0.0005075290558653981
9.75779577045945, 0.0004635663049722205
9.75779577045945, 0.00017167347250702735
9.75779577045945, 0.00015680291875336274
9.798374241541753, 0.0010512303385785677
9.798374241541753, 0.0009601715568749712
9.798374241541753, 0.0008770003916347225
9.798374241541753, 0.0008010336084425474
9.798374241541753, 0.0002456543744311897
9.798374241541753, 0.00022345334464135178
9.798374241541753, 0.00020409755877414732
9.798374241541753, 0.00018680266048959159
