0.0020335574658847328, 0.0004666185893706368
0.0020335574658847328, 1.2860687664556397e-7
0.0021236378623181846, 0.00044494930324305495
0.0021236378623181846, 1.265736487671002e-7
0.0022228274285958013, 0.0004237998270903176
0.0022228274285958013, 1.2464213761774614e-7
0.0023266498799019426, 0.00040079438737847923
0.0023266498799019426, 1.2255642382113666e-7
0.00243532160617048, 0.0003820296530537074
0.00243532160617048, 1.2046050283645684e-7
0.0025490691043427304, 0.0003603460239143526
0.0025490691043427304, 1.1809052896401089e-7
0.0026681294504393217, 0.0003423196133079702
0.0026681294504393217, 1.1615792853843687e-7
0.0027927507936812987, 0.0003233738078996323
0.0027927507936812987, 1.1417143258522629e-7
0.002923192873690331, 0.00030479111472562457
0.002923192873690331, 1.1205097628713992e-7
0.0030597275618459902, 0.00028792233792963395
0.0030597275618459902, 1.1034108080650345e-7
0.0032026394279284108, 0.0002725988467797742
0.0032026394279284108, 1.0873867109527717e-7
0.003352226333227342, 0.0002601280918809627
0.003352226333227342, 1.0675907811074906e-7
0.003508800051353774, 0.0002485998680653349
0.003508800051353774, 1.046586699287209e-7
0.0036726869180480513, 0.0002373158440534915
0.0036726869180480513, 1.0279183151644833e-7
0.00384422851133882, 0.00022671370452285932
0.00384422851133882, 1.0126113534705327e-7
0.0040237823634704205, 0.0002165852179970457
0.0040237823634704205, 9.952939961350955e-8
0.0042117227060825425, 0.00020675434873911549
0.0042117227060825425, 9.790055975871632e-8
0.00440844125019528, 0.0001972958244722397
0.00440844125019528, 9.633443729961152e-8
0.004614348002625233, 0.00018834050668342997
0.004614348002625233, 9.458066401614294e-8
0.004829872120534286, 0.00017992635153465868
0.004829872120534286, 9.296317557877086e-8
0.0050554628058920945, 0.0001715666280980152
0.0050554628058920945, 9.116831879978918e-8
0.005291590241716616, 0.00016371785913548765
0.005291590241716616, 8.970989249473956e-8
0.005538746572043948, 0.0001562866554585536
0.005538746572043948, 8.840709573150428e-8
0.005797446927670006, 0.00014896949319146446
0.005797446927670006, 8.702541703718058e-8
0.006068230499801916, 0.00014226097473701477
0.006068230499801916, 8.547310998531651e-8
0.0063516616638568425, 0.0001356512569581284
0.0063516616638568425, 8.385425431663011e-8
0.0066483311557505274, 0.00012896179506197554
0.0066483311557505274, 8.242020552671616e-8
0.006958857303127183, 0.00012287793749455453
0.006958857303127183, 8.116247496859793e-8
0.007283887314096912, 7.971474755136931e-8
0.007302046558134621, 0.00011671566405147645
0.007624098626166681, 0.00011159948733549997
0.007624098626166681, 7.852769740428005e-8
0.007980200318176325, 0.00010609610657146127
0.007980200318176325, 7.738729218075784e-8
0.00835293458818239, 0.0001006754772802903
0.00835293458818239, 7.606383932066201e-8
0.008743078300370065, 0.00009592604537287102
0.008743078300370065, 7.462319468415066e-8
0.009151444604217315, 0.0000906848621775425
0.009151444604217315, 7.32921110159007e-8
0.009578884629285933, 0.00008624514246827486
0.009578884629285933, 7.222773871149963e-8
0.010026289259171858, 0.00008147949931215388
0.010026289259171858, 7.112554497707871e-8
0.01049459098831205, 0.00007713586532328294
0.01049459098831205, 7.001395264046994e-8
0.01098476586551797, 0.00007374500235073679
0.01098476586551797, 6.89971868374491e-8
0.011379163690162536, 0.00006952778444924757
0.011497835528286418, 6.78426143368116e-8
0.011787722002703577, 0.00006584690698775883
0.0120348693321277, 6.670736201023232e-8
0.012338295645034929, 0.00006366336631865057
0.01259698657934915, 6.554201046838696e-8
0.01291458514116403, 0.0000607964245128397
0.013185358851939282, 6.449353010359214e-8
0.013517791611314769, 0.00005805858922139022
0.01380121245341488, 6.365218759780663e-8
0.01414917227689297, 0.0000554025455715223
0.014445830964720345, 6.268085658836277e-8
0.014810043080825742, 0.0000528284370281455
0.01512055791950643, 6.181685543412767e-8
0.015501781430290067, 0.00005043053812106695
0.015826799604364238, 6.082796664855549e-8
0.016225829067547028, 0.000048015476942473214
0.01656602798985082, 5.983249177632737e-8
0.01698369507486518, 0.000045818882014165
0.017339783798415307, 5.894151274991776e-8
0.017776959019796094, 0.00004373914895208715
0.018149679715619843, 5.7955208048432535e-8
0.01860727424735741, 0.00004156664538893011
0.018997403751348237, 5.722057974045967e-8
0.019476371325985176, 0.000039709646013303035
0.019884722758007893, 5.647411562438448e-8
0.020386061654437623, 0.00003777969623036172
0.02081348611305771, 5.569566900224722e-8
0.02133824123716794, 0.000035938162484438245
0.02178562957353726, 5.5010274078165784e-8
0.022334894636034833, 0.000034107128546281276
0.02280317931063092, 5.4130270675451054e-8
0.023378099106587186, 0.000032376657254727134
0.02386825613267588, 5.3404122622194125e-8
0.02447002892754368, 0.0000308261759205638
0.024983079905415942, 5.2589176863175786e-8
0.025612959932491138, 0.000029065628174285386
0.02614997417871364, 5.1864280746831177e-8
0.02680927425324661, 0.000027632295254859118
0.02737137102936409, 5.130280852220593e-8
0.02806146528476947, 0.000026112750425267563
0.02864981613010395, 5.0652504663621996e-8
0.02937214288197161, 0.000024584551024618976
0.029987974055380527, 5.010415088204454e-8
0.030744038799256985, 0.000023250009643791624
0.03138863383493948, 4.963601250847424e-8
0.03191402707847543, 0.000022698688112270877
0.03285471476680605, 4.9098663065594665e-8
0.03326630750456505, 0.00002080793252966994
0.034389272501775474, 4.847629850188772e-8
0.034820089659039224, 0.00002020851228840336
0.03599550541209397, 4.79156113473868e-8
0.03644644491118078, 0.000019269586042435833
0.037676761257604156, 4.7450152555481984e-8
0.03814876296043367, 0.00001836740608677395
0.03943654416324871, 4.697162587609783e-8
0.03993059183023091, 0.00001765226575675268
0.04127852192247489, 4.653275563971041e-8
0.04186508275547307, 0.000016463345734106883
0.043206533641762045, 4.627089974741154e-8
0.043747810459926886, 0.000015858910992138347
0.045224597742204956, 4.589009127269942e-8
0.04579115618384363, 0.00001500364628522282
0.04733692033483016, 4.566603370147565e-8
0.047929941238404654, 0.000014279791370450807
0.049547903987101474, 4.554526784631723e-8
0.05016862334494769, 0.00001351980776424507
0.051862156898885944, 4.550993602060114e-8
0.05251186843330678, 0.000012752436710056127
0.0542845025070052, 4.5440593044787386e-8
0.054964560366686226, 0.000012073740321054712
0.05681998953839026, 4.508349402709502e-8
0.05753181112075789, 0.000011286573293640938
0.059473902532792895, 4.5166738084123023e-8
0.06021897143819752, 0.000010586338483439897
0.06225177285698526, 4.535189971197672e-8
0.06303164198086657, 0.000010034187870388797
0.06515939023340399, 4.540162999208275e-8
0.06597568500288321, 0.000009535794339099786
0.06820281480726713, 4.574162570598883e-8
0.06905723656891201, 0.000009082535836384414
0.07138838977731438, 4.606691688751614e-8
0.07228271934313789, 0.000008608818909803703
0.07472275461649633, 4.665580523967534e-8
0.07565885597557957, 0.000008165921925972749
0.0782128589101674, 4.741171071785667e-8
0.07919268311364272, 0.00000773421920558767
0.0818659768406244, 4.8560164508101864e-8
0.08289156606811612, 0.0000072489473882408645
0.0856897223481804, 4.9997819468758674e-8
0.08676321416417788, 0.000006814503417105099
0.08969206500037216, 5.1285664270006746e-8
0.09081569680940742, 0.000006280232363054692
0.09388134660237714, 5.320088872916603e-8
0.0950574603122918, 0.000005932650583793522
0.09826629858325926, 5.6041321027701046e-8
0.09949734548628071, 0.0000056274341450213285
0.10285606019428101, 5.912188037682638e-8
0.1041446060760807, 0.000005296115958724259
0.10766019755721083, 6.258229811946458e-8
0.1090089280445934, 0.00000501237482634958
0.11283495970880966, 6.621801143414034e-8
0.11391847550448585, 0.000004624130082671603
0.11795211893767482, 7.21195482682863e-8
0.11942978312994124, 0.000004326316732074956
0.12319040308798435, 7.622856466344723e-8
0.12500803571221406, 0.0000040472849794069545
0.1280659488002085, 8.435660034268653e-8
0.13084683387245025, 0.000003826150438330873
0.13414577890141818, 8.764040019588128e-8
0.1369583470126615, 0.0000036333856025126666
0.14041137712948895, 8.695167017008104e-8
0.14335531293577605, 0.0000034400134851407296
0.14696962505162464, 8.613925417787152e-8
0.1500510643941578, 0.0000032569328093793653
0.1538341915690728, 8.501553501038124e-8
0.1570595568781373, 0.0000030835958552580413
0.16101938402168237, 8.374954965084787e-8
0.16439539770247225, 0.0000029009611848213417
0.16854017800769894, 8.262606418363596e-8
0.17207387645136044, 0.0000027465693673564544
0.1764122485963666, 8.154817590907887e-8
0.18011099684545964, 0.0000025771330533432806
0.18465200299838666, 8.015356493870948e-8
0.18852351009733234, 0.0000024326784064120682
0.19327661476232919, 7.79320414572469e-8
0.1973289498248364, 0.0000022997623341006855
0.20230405956826902, 7.568703018445013e-8
0.2065456685952284, 0.0000021765518202154257
0.21175315269324893, 7.342417548802875e-8
0.2161928761761467, 0.0000020376973668140355
0.22164358822665645, 7.077705739421008e-8
0.22336723261837385, 0.000001840904721406515
0.2300784071547204, 0.0000016585989963592953
0.2319959801172484, 6.977532844798743e-8
0.23962845673726257, 0.0000015510272938975786
0.2432521597925912, 7.298519768753855e-8
0.2438417384718971, 0.000001452430250409567
0.25293040820583357, 0.0000013524583260576086
0.25318698626337016, 7.733392152327848e-8
0.25842839472116536, 0.000001226368466993636
0.2660457476998875, 8.406996554475024e-8
0.2704989086449619, 0.0000011386424262425137
0.27847204824415717, 0.0000010319569827342152
0.2794643641592018, 9.038653961101157e-8
0.2862229867457394, 9.373401438916384e-7
0.2905298799190254, 9.768592790853071e-8
0.2951302957953052, 8.575555334151685e-7
0.305938206555553, 1.0628106720157821e-7
0.3073805064648361, 7.87633013547388e-7
0.31278504268354984, 7.203112933281211e-7
0.3182236473658339, 1.1655507339391691e-7
0.31934305176836886, 6.593910267409309e-7
0.3257004741497689, 5.91692540700991e-7
0.32603855938184995, 1.2854338889535805e-7
0.33685814271081127, 5.318094914108176e-7
0.3391078128642328, 1.3940613371200248e-7
0.345542244105857, 4.785561715521635e-7
0.34931308486420065, 1.552663935187064e-7
0.35148807907717255, 4.3432838694197154e-7
0.35388680333119366, 3.9861485391502843e-7
0.35425414667739874, 1.7218956988115128e-7
0.3578661012553139, 3.6139913775440014e-7
0.3580724280947458, 1.922811883992809e-7
0.3594371718956267, 3.261451751526969e-7
0.3596858653946747, 2.079385041379115e-7
0.36048284149076537, 2.932446745482198e-7
0.36130657267608374, 2.6368897289945606e-7
0.36146725871134394, 2.3085932922326552e-7
