0.3580724280947458,1.922811883992809e-07
0.3596858653946747,2.079385041379115e-07
0.3614672587113439,2.3085932922326554e-07
0.3613065726760837,2.636889728994561e-07
0.3604828414907653,2.932446745482198e-07
0.3594371718956267,3.261451751526969e-07
0.3578661012553139,3.613991377544002e-07
0.3538868033311936,3.9861485391502843e-07
0.3514880790771725,4.3432838694197154e-07
0.345542244105857,4.785561715521635e-07
0.3368581427108112,5.318094914108176e-07
0.3257004741497689,5.91692540700991e-07
0.3193430517683688,6.593910267409309e-07
0.3127850426835498,7.203112933281211e-07
0.3073805064648361,7.87633013547388e-07
0.2951302957953052,8.575555334151685e-07
0.2862229867457394,9.373401438916384e-07
0.2784720482441571,1.0319569827e-06
0.2704989086449619,1.1386424262e-06
0.2584283947211653,1.2263684669e-06
0.2529304082058335,1.352458326e-06
0.2438417384718971,1.4524302504e-06
0.2396284567372625,1.5510272938e-06
0.2300784071547204,1.6585989963e-06
0.2233672326183738,1.8409047214e-06
0.2161928761761467,2.0376973668e-06
0.2065456685952284,2.1765518202e-06
0.1973289498248364,2.2997623341e-06
0.1885235100973323,2.4326784064e-06
0.1801109968454596,2.5771330533e-06
0.1720738764513604,2.7465693673e-06
0.1643953977024722,2.9009611848e-06
0.1570595568781373,3.0835958552e-06
0.1500510643941578,3.2569328093e-06
0.143355312935776,3.4400134851e-06
0.1369583470126615,3.6333856025e-06
0.1308468338724502,3.8261504383e-06
0.125008035712214,4.0472849794e-06
0.1194297831299412,4.326316732e-06
0.1139184755044858,4.6241300826e-06
0.1090089280445934,5.0123748263e-06
0.1041446060760807,5.2961159587e-06
0.0994973454862807,5.627434145e-06
0.0950574603122918,5.9326505837e-06
0.0908156968094074,6.280232363e-06
0.0867632141641778,6.8145034171e-06
0.0828915660681161,7.2489473882e-06
0.0791926831136427,7.7342192055e-06
0.0756588559755795,8.1659219259e-06
0.0722827193431378,8.6088189098e-06
0.069057236568912,9.0825358363e-06
0.0659756850028832,9.535794339e-06
0.0630316419808665,1.00341878703e-05
0.0602189714381975,1.05863384834e-05
0.0575318111207578,1.12865732936e-05
0.0549645603666862,1.2073740321e-05
0.0525118684333067,1.275243671e-05
0.0501686233449476,1.35198077642e-05
0.0479299412384046,1.42797913704e-05
0.0457911561838436,1.50036462852e-05
0.0437478104599268,1.58589109921e-05
0.041865082755473,1.64633457341e-05
0.0399305918302309,1.76522657567e-05
0.0381487629604336,1.83674060867e-05
0.0364464449111807,1.92695860424e-05
0.0348200896590392,2.02085122884e-05
0.033266307504565,2.08079325296e-05
0.0319140270784754,2.26986881122e-05
0.0307440387992569,2.32500096437e-05
0.0293721428819716,2.45845510246e-05
0.0280614652847694,2.61127504252e-05
0.0268092742532466,2.76322952548e-05
0.0256129599324911,2.90656281742e-05
0.0244700289275436,3.08261759205e-05
0.0233780991065871,3.23766572547e-05
0.0223348946360348,3.41071285462e-05
0.0213382412371679,3.59381624844e-05
0.0203860616544376,3.77796962303e-05
0.0194763713259851,3.97096460133e-05
0.0186072742473574,4.15666453889e-05
0.017776959019796,4.3739148952e-05
0.0169836950748651,4.58188820141e-05
0.016225829067547,4.80154769424e-05
0.01550178143029,5.0430538121e-05
0.0148100430808257,5.28284370281e-05
0.0141491722768929,5.54025455715e-05
0.0135177916113147,5.80585892213e-05
0.012914585141164,6.07964245128e-05
0.0123382956450349,6.36633663186e-05
0.0117877220027035,6.58469069877e-05
0.0113791636901625,6.95277844492e-05
0.0109847658655179,7.37450023507e-05
0.010494590988312,7.71358653232e-05
0.0100262892591718,8.14794993121e-05
0.0095788846292859,8.62451424682e-05
0.0091514446042173,9.06848621775e-05
0.00874307830037,9.59260453728e-05
0.0083529345881823,0.0001006754772802
0.0079802003181763,0.0001060961065714
0.0076240986261666,0.0001115994873354
0.0073020465581346,0.0001167156640514
0.0069588573031271,0.0001228779374945
0.0066483311557505,0.0001289617950619
0.0063516616638568,0.0001356512569581
0.0060682304998019,0.000142260974737
0.00579744692767,0.0001489694931914
0.0055387465720439,0.0001562866554585
0.0052915902417166,0.0001637178591354
0.005055462805892,0.000171566628098
0.0048298721205342,0.0001799263515346
0.0046143480026252,0.0001883405066834
0.0044084412501952,0.0001972958244722
0.0042117227060825,0.0002067543487391
0.0040237823634704,0.000216585217997
0.0038442285113388,0.0002267137045228
0.003672686918048,0.0002373158440534
0.0035088000513537,0.0002485998680653
0.0033522263332273,0.0002601280918809
0.0032026394279284,0.0002725988467797
0.0030597275618459,0.0002879223379296
0.0029231928736903,0.0003047911147256
0.0027927507936812,0.0003233738078996
0.0026681294504393,0.0003423196133079
0.0025490691043427,0.0003603460239143
0.0024353216061704,0.0003820296530537
0.0023266498799019,0.0004007943873784
0.0022228274285958,0.0004237998270903
0.0021236378623181,0.000444949303243
0.0020335574658847,0.0004666185893706
