1.0211E-03,4.5764E-07
0.000995463687990654,4.09838367175724E-07
0.00128228539873837,3.1952475057592E-07
0.0017593053834912,2.49113002606778E-07
0.00237634863632517,1.86324631193155E-07
0.00306234804264692,1.28264983052806E-07
0.00440513302366946,0.0000001
0.00604559393080163,7.17556091893692E-08
0.0077875033692249,5.59432570616939E-08
0.0110331680846145,3.6946012051993E-08
0.0153782205155716,2.8804441533963E-08
0.0217782487737492,2.15443469003189E-08
0.0289603809282568,1.54592773641948E-08
0.0410246185272994,1.06420924406472E-08
0.0553974871483443,8.64842327573171E-09
0.0797222710303564,5.95353313081437E-09
0.111165654212285,4.09838367175725E-09
0.157452370689545,2.94082017058707E-09
0.216025857948716,2.29276931286565E-09
0.3109260005886,1.51418932530435E-09
0.476656591250526,1E-09
0.696858359788629,6.88395206964551E-10
1.13818733300482,4.18428850790159E-10
0.897770838028823,5.14886745013751E-10
1.21471637445392,0.0234082727617826
